return_pct_bucket,closing_orders
-10.0,173
-9.9,1
-9.8,2
-9.7,2
-9.6,1
-9.5,3
-9.4,2
-9.3,7
-9.2,8
-9.1,6
-9.0,4
-8.9,7
-8.8,6
-8.7,5
-8.6,7
-8.5,2
-8.4,4
-8.3,5
-8.2,3
-8.1,8
-8.0,6
-7.9,7
-7.8,8
-7.7,7
-7.6,5
-7.5,7
-7.4,8
-7.3,5
-7.2,9
-7.1,8
-7.0,4
-6.9,6
-6.8,9
-6.7,6
-6.6,12
-6.5,10
-6.4,11
-6.3,8
-6.2,7
-6.1,9
-6.0,12
-5.9,8
-5.8,10
-5.7,6
-5.6,5
-5.5,10
-5.4,6
-5.3,10
-5.2,7
-5.1,14
-5.0,9
-4.9,11
-4.8,15
-4.7,13
-4.6,20
-4.5,21
-4.4,20
-4.3,14
-4.2,12
-4.1,14
-4.0,11
-3.9,12
-3.8,15
-3.7,19
-3.6,19
-3.5,18
-3.4,26
-3.3,20
-3.2,20
-3.1,21
-3.0,18
-2.9,13
-2.8,28
-2.7,31
-2.6,28
-2.5,30
-2.4,31
-2.3,36
-2.2,40
-2.1,35
-2.0,41
-1.9,47
-1.8,46
-1.7,46
-1.6,64
-1.5,53
-1.4,76
-1.3,84
-1.2,93
-1.1,79
-1.0,107
-0.9,118
-0.8,131
-0.7,143
-0.6,156
-0.5,196
-0.4,223
-0.3,250
-0.2,300
-0.1,411
0.0,489
0.1,660
0.2,750
0.3,745
0.4,635
0.5,560
0.6,439
0.7,404
0.8,361
0.9,265
1.0,253
1.1,210
1.2,192
1.3,165
1.4,159
1.5,141
1.6,114
1.7,119
1.8,90
1.9,88
2.0,83
2.1,74
2.2,75
2.3,73
2.4,67
2.5,61
2.6,64
2.7,58
2.8,50
2.9,54
3.0,28
3.1,44
3.2,56
3.3,42
3.4,31
3.5,39
3.6,43
3.7,33
3.8,36
3.9,27
4.0,33
4.1,37
4.2,34
4.3,40
4.4,31
4.5,32
4.6,24
4.7,22
4.8,27
4.9,21
5.0,19
5.1,17
5.2,12
5.3,15
5.4,16
5.5,17
5.6,17
5.7,14
5.8,19
5.9,15
6.0,19
6.1,14
6.2,14
6.3,7
6.4,14
6.5,16
6.6,16
6.7,24
6.8,5
6.9,12
7.0,14
7.1,8
7.2,13
7.3,5
7.4,8
7.5,7
7.6,9
7.7,6
7.8,14
7.9,9
8.0,7
8.1,7
8.2,5
8.3,11
8.4,10
8.5,9
8.6,8
8.7,4
8.8,4
8.9,3
9.0,6
9.1,8
9.2,3
9.3,5
9.4,4
9.5,7
9.6,3
9.7,4
9.8,5
9.9,5
10.0,246
