date,daily_return_pct,compounded_equity_ex_flows,wallet_balance_btc
2018-03-17,18.0616,1.1806,1.5014
2018-03-19,5.886,1.2501,1.5898
2018-03-20,42.4382,1.7806,3.9239
2018-03-21,-62.2146,0.6728,1.4827
2018-03-22,32.7347,0.8931,0.0
2018-03-30,45.542,1.2998,2.2104
2018-03-31,15.9709,1.5074,2.3622
2018-04-01,-26.9685,1.1009,1.7251
2018-04-02,-29.7537,0.7733,1.2118
2018-04-03,-43.8159,0.4345,0.8491
2018-04-06,28.0877,0.5565,1.2939
2018-04-07,-3.072,0.5394,1.2542
2018-04-08,0.0431,0.5396,1.2547
2018-04-09,22.2799,0.6599,1.5343
2018-04-10,9.7095,0.724,1.6832
2018-04-12,0.3759,0.7267,1.6896
2018-04-13,2.8588,0.7474,1.7379
2018-04-14,32.4135,0.9897,2.3012
2018-04-15,-32.4189,0.6689,1.5552
2018-04-16,22.9825,0.8226,2.4463
2018-04-17,41.938,1.1676,3.4723
2018-04-18,24.9724,1.4591,3.3382
2018-04-19,-36.1185,0.9321,2.1325
2018-04-20,17.5765,1.096,2.5073
2018-04-21,15.1365,1.2618,2.8868
2018-04-22,2.4381,1.2926,2.9572
2018-04-23,5.5467,1.3643,3.1212
2018-04-24,29.0289,1.7603,3.0261
2018-04-25,0.6906,1.7725,2.5454
2018-04-26,66.8681,2.9577,4.2474
2018-04-27,0.4045,2.9697,3.8094
2018-04-28,14.332,3.3953,4.8106
2018-04-29,6.7107,3.6232,4.1322
2018-04-30,0.1202,3.6275,4.1372
2018-05-02,0.9401,3.6616,4.1761
2018-05-04,-1.3033,3.6139,4.1216
2018-05-06,0.6272,3.6366,4.1475
2018-05-07,11.7587,4.0642,4.6352
2018-05-09,9.3866,4.4457,5.0703
2018-05-11,8.8744,4.8402,5.5202
2018-05-12,38.7789,6.7172,5.6597
2018-05-13,1.6669,6.8291,5.754
2018-05-14,1.5817,6.9372,5.845
2018-05-15,0.7616,6.99,5.8895
2018-05-16,14.9387,8.0342,6.7694
2018-05-17,1.9669,8.1922,6.9025
2018-05-19,1.0293,8.2766,6.9736
2018-05-20,1.4509,8.3966,7.0747
2018-05-21,-0.249,8.3757,7.0571
2018-05-22,1.2153,8.4775,7.1429
2018-05-23,-9.5176,7.6707,6.4631
2018-05-24,-48.0943,3.9815,5.1504
2018-05-25,8.7458,4.3297,5.6009
2018-05-26,24.8441,5.4054,6.9923
2018-05-27,-2.7031,5.2593,6.8033
2018-05-28,-1.7328,5.1682,6.6854
2018-05-29,0.9098,5.2152,6.7463
2018-05-30,7.6996,5.6167,7.2657
2018-05-31,5.8933,5.9477,7.6939
2018-06-01,6.0403,6.307,8.1586
2018-06-02,0.0,6.307,8.1586
2018-06-03,-0.0706,6.3026,8.1529
2018-06-04,4.3538,6.577,8.5078
2018-06-05,5.5731,6.9435,8.982
2018-06-06,0.8757,7.0043,9.0606
2018-06-07,2.2225,7.16,9.262
2018-06-08,0.0,7.16,9.262
2018-06-09,0.0,7.16,9.262
2018-06-10,2.6691,7.3511,9.5092
2018-06-11,5.2417,7.7364,10.0076
2018-06-12,-0.2266,7.7189,9.985
2018-06-13,2.6919,7.9267,10.2538
2018-06-14,3.046,8.1681,10.5661
2018-06-15,6.0069,8.6588,11.2008
2018-06-16,7.6199,9.3185,12.0543
2018-06-17,4.3669,9.7255,12.5807
2018-06-18,0.5834,9.7822,12.6541
2018-06-19,1.7408,9.9525,12.8743
2018-06-20,2.1942,10.1709,13.1568
2018-06-21,3.0465,10.4807,13.5577
2018-06-22,2.2101,10.7124,13.8573
2018-06-23,8.3584,11.6078,15.0155
2018-06-24,-14.2439,9.9544,12.8767
2018-06-25,7.0209,10.6533,13.7808
2018-06-26,4.9138,11.1767,14.458
2018-06-27,0.8499,11.2717,14.5808
2018-06-28,8.8393,12.2681,15.8697
2018-06-29,-23.8727,9.3393,12.0812
2018-06-30,11.3405,10.3985,13.4512
2018-07-01,1.3749,10.5414,13.6362
2018-07-02,1.2471,10.6729,13.8062
2018-07-03,14.0127,12.1684,15.7408
2018-07-04,7.1032,13.0328,16.8589
2018-07-05,0.5997,13.111,16.96
2018-07-06,0.0353,13.1156,16.966
2018-07-07,0.0174,13.1179,16.969
2018-07-08,2.8342,13.4896,17.4499
2018-07-09,0.2186,13.5191,17.4881
2018-07-10,-4.4436,12.9184,16.711
2018-07-11,-1.1146,12.7744,16.5247
2018-07-12,-0.823,12.6693,16.3887
2018-07-13,4.4741,13.2361,17.122
2018-07-14,5.4021,13.9511,18.0469
2018-07-15,0.1626,13.9738,18.0763
2018-07-16,0.4902,14.0423,18.1649
2018-07-17,4.6866,14.7004,19.0162
2018-07-18,-25.1607,11.0017,14.2316
2018-07-19,28.9955,14.1917,18.3581
2018-07-20,9.6633,15.5631,20.1321
2018-07-21,-12.2244,13.6606,17.671
2018-07-22,1.5472,13.8719,17.9445
2018-07-23,3.6765,14.3819,18.6042
2018-07-24,14.8063,16.5114,21.3588
2018-07-25,10.5092,18.2466,23.6034
2018-07-26,3.4503,18.8762,24.4178
2018-07-27,9.3875,20.6482,26.71
2018-07-28,0.6524,20.7829,22.8831
2018-07-29,2.0025,21.1991,23.3413
2018-07-30,2.3857,21.7048,23.8982
2018-07-31,3.682,22.504,24.7781
2018-08-01,-27.0223,16.4229,18.0825
2018-08-02,12.2677,18.4376,20.3008
2018-08-03,-2.9934,17.8857,19.6931
2018-08-04,1.0003,18.0646,19.8901
2018-08-05,-17.2351,14.9512,16.462
2018-08-06,2.9701,15.3952,16.951
2018-08-07,15.6649,17.8069,19.6063
2018-08-08,-1.153,17.6016,19.3803
2018-08-09,9.9912,19.3602,21.3166
2018-08-10,28.989,24.9725,24.9949
2018-08-11,0.8887,25.1944,25.217
2018-08-12,10.2906,27.7871,27.812
2018-08-13,-2.0971,27.2043,26.7283
2018-08-14,-6.9187,25.3221,24.8791
2018-08-15,11.2056,28.1596,27.6669
2018-08-16,-0.2589,28.0867,27.5953
2018-08-17,7.0477,30.0662,29.5401
2018-08-18,-0.4891,29.9191,29.3956
2018-08-19,3.1686,30.8672,30.3271
2018-08-20,-0.517,30.7076,30.1703
2018-08-21,0.364,30.8194,30.2801
2018-08-22,0.4319,30.9525,30.4109
2018-08-23,2.7546,31.8051,31.2486
2018-08-24,1.1184,32.1608,31.5981
2018-08-25,-5.3343,30.4452,29.9125
2018-08-26,2.2893,31.1422,30.5973
2018-08-27,-1.0637,30.8109,30.2718
2018-08-28,-8.2124,28.2806,27.7858
2018-08-29,4.0478,29.4254,28.9105
2018-08-30,-2.7876,28.6051,28.1046
2018-08-31,5.6851,30.2313,29.7023
2018-09-01,-0.1262,30.1932,29.6649
2018-09-02,1.7016,30.7069,30.1696
2018-09-03,3.8312,31.8834,31.3255
2018-09-04,0.008,31.8859,31.328
2018-09-05,18.8324,37.8908,30.2158
2018-09-06,-39.5068,22.9214,18.2785
2018-09-07,3.7045,23.7705,18.9556
2018-09-08,-0.0,23.7705,18.9556
2018-09-09,5.9087,25.175,20.0757
2018-09-10,14.7657,28.8923,23.04
2018-09-11,2.6286,29.6517,23.6456
2018-09-12,2.6106,30.4258,24.2629
2018-09-13,-1.1201,30.085,23.9911
2018-09-14,-22.3455,23.3624,18.6302
2018-09-15,9.2736,25.5289,20.3579
2018-09-16,-7.1436,23.7052,18.9036
2018-09-17,3.51,24.5373,19.5671
2018-09-18,-17.7447,20.1832,16.095
2018-09-19,-19.2029,16.3075,13.0043
2018-09-20,27.2811,20.7563,16.552
2018-09-21,6.3807,22.0807,18.6714
2018-09-22,-84.3301,3.46,2.9258
2018-09-23,0.0,3.46,3.5694
2018-09-24,0.9673,3.4935,3.6039
2018-09-25,41.9442,4.9588,5.1156
2018-09-26,-0.0837,4.9547,5.1113
2018-09-27,25.2766,6.207,6.4033
2018-09-28,10.2028,6.8403,7.0566
2018-09-29,-22.1115,5.3278,5.4963
2018-09-30,-0.0,5.3278,5.4963
2018-10-01,-0.0,5.3278,5.4963
2018-10-02,0.1617,5.3364,5.5051
2018-10-03,-5.9703,5.0178,8.9372
2018-10-04,0.0,5.0178,8.9372
2018-10-05,0.0,5.0178,8.9372
2018-10-06,2.981,5.1674,9.2036
2018-10-07,5.9748,5.4762,9.7535
2018-10-08,3.5058,5.6681,10.3741
2018-10-09,-1.2973,5.5946,10.2395
2018-10-10,3.9307,5.8145,10.642
2018-10-11,7.3959,6.2445,11.503
2018-10-12,10.1148,6.8762,12.6665
2018-10-13,1.6742,6.9913,12.8785
2018-10-14,-0.0,6.9913,12.8785
2018-10-15,37.2181,9.5933,17.937
2018-10-16,-1.6019,9.4396,17.6496
2018-10-17,1.03,9.5369,17.8314
2018-10-18,0.0,9.5369,17.8314
2018-10-19,1.3985,9.6702,18.0808
2018-10-20,0.0,9.6702,18.0808
2018-10-21,0.0,9.6702,18.0808
2018-10-22,0.0,9.6702,18.0808
2018-10-23,0.0,9.6702,18.0808
2018-10-24,0.0,9.6702,18.0808
2018-10-25,0.0,9.6702,18.0808
2018-10-26,0.0,9.6702,18.0808
2018-10-27,0.0,9.6702,18.0808
2018-10-28,0.0,9.6702,18.0808
2018-10-29,0.0,9.6702,18.0808
2018-10-30,0.7881,9.7465,18.2233
2018-10-31,0.0,9.7465,18.2233
2018-11-01,0.0,9.7465,18.2233
2018-11-02,0.0,9.7465,18.2233
2018-11-03,0.0,9.7465,18.2233
2018-11-04,3.3992,10.0778,18.8427
2018-11-05,9.7496,11.0603,20.8372
2018-11-06,-5.3389,10.4698,19.7247
2018-11-07,8.4088,11.3502,21.3833
2018-11-08,-0.7605,11.2639,21.2207
2018-11-09,11.1714,12.5222,23.5914
2018-11-10,-21.4509,9.8361,18.5308
2018-11-11,2.89,10.1203,19.0664
2018-11-12,-8.9374,9.2158,17.3623
2018-11-13,-3.5474,8.8889,16.7464
2018-11-14,6.9347,9.5053,17.9077
2018-11-15,53.2982,14.5715,27.4522
2018-11-16,13.555,16.5467,31.1733
2018-11-17,0.1105,16.565,31.2078
2018-11-18,-1.4529,16.3243,30.7544
2018-11-19,-4.5572,15.5804,29.3528
2018-11-20,2.576,15.9817,30.109
2018-11-21,26.9001,20.2808,38.2083
2018-11-22,4.2015,21.1329,39.8136
2018-11-23,27.2309,26.8876,50.6552
2018-11-24,1.3526,27.2513,51.3404
2018-11-25,37.8354,37.5619,69.7641
2018-11-26,0.062,37.5852,69.8073
2018-11-27,21.231,45.5649,84.6281
2018-11-28,1.2949,46.1549,75.712
2018-11-29,4.2226,48.1039,68.897
2018-11-30,16.0842,55.841,79.9785
2018-12-01,1.1091,56.4604,80.8656
2018-12-02,-4.5302,53.9026,77.2022
2018-12-03,6.0505,57.164,81.8733
2018-12-04,8.8957,62.2491,89.1565
2018-12-05,2.1401,63.5813,91.0645
2018-12-06,6.9976,68.0305,97.4369
2018-12-07,10.9655,75.4904,98.1094
2018-12-08,11.6961,84.3198,109.5844
2018-12-09,-0.6327,83.7863,108.891
2018-12-10,3.44,86.6685,112.6368
2018-12-11,-3.2771,83.8283,108.9456
2018-12-12,-1.6521,82.4433,107.1457
2018-12-13,-3.7022,79.3911,103.1789
2018-12-14,6.2204,84.3296,109.5971
2018-12-15,6.4519,89.7704,116.6681
2018-12-16,2.8305,92.3114,119.9704
2018-12-17,3.298,95.3558,123.9271
2018-12-18,-24.2561,72.2262,93.8672
2018-12-19,13.3654,81.8796,106.4129
2018-12-20,2.5326,83.9532,109.108
2018-12-21,5.8862,88.8949,115.5303
2018-12-22,5.0926,93.422,121.4138
2018-12-23,-1.6459,91.8843,109.4034
2018-12-24,2.9736,94.6166,112.6566
2018-12-25,11.53,105.5259,125.646
2018-12-26,3.2497,108.9552,129.7291
2018-12-27,2.5765,111.7624,133.0716
2018-12-28,4.1462,116.3963,138.589
2018-12-29,0.1092,116.5234,118.7283
2018-12-30,-0.4919,115.9502,118.1443
2018-12-31,1.5387,117.7344,119.9622
2019-03-05,-0.4114,117.25,170.5582
2019-03-06,4.8973,122.992,178.9109
2019-03-07,1.2931,124.5824,181.2243
2019-03-08,0.2729,124.9224,173.7177
2019-03-09,-0.0958,124.8028,173.5514
2019-03-10,-0.1012,124.6765,173.3758
2019-03-11,-0.1913,124.438,173.0441
2019-03-12,4.8215,130.4378,181.3874
2019-03-13,0.0003,130.4382,181.388
2019-03-14,0.0,130.4382,181.388
2019-03-15,-1.0304,129.0942,179.519
2019-03-16,0.6632,129.9504,180.7096
2019-03-17,0.5158,130.6206,181.6417
2019-03-18,-0.2967,130.2331,181.1028
2019-03-19,0.278,130.5951,181.6063
2019-03-20,-0.0,130.5951,181.6063
2019-03-21,-0.0,130.5951,181.6062
2019-03-22,-0.1038,130.4595,181.4177
2019-03-23,-0.091,130.3408,181.2526
2019-03-24,0.5823,131.0998,182.3081
2019-03-25,-0.0678,131.0109,182.1845
2019-03-26,1.7476,133.3006,185.3684
2019-03-27,0.0469,133.3631,185.4554
2019-03-28,0.7094,134.3091,186.7709
2019-03-29,1.6258,136.4927,189.8074
2019-03-30,1.2732,138.2305,192.2241
2019-03-31,-0.0408,138.1741,192.1457
2019-04-01,-0.2535,137.8238,191.6585
2019-04-02,-39.011,84.0574,116.8907
2019-04-03,16.1497,97.6325,135.7682
2019-04-04,9.0098,106.4289,148.0006
2019-04-05,1.8288,108.3753,150.7072
2019-04-06,2.8878,111.505,155.0594
2019-04-07,7.4874,119.8538,166.6693
2019-04-08,-0.8123,118.8803,165.3156
2019-04-09,2.0622,121.3318,168.7246
2019-04-10,0.9493,122.4837,150.3144
2019-04-11,2.303,125.3044,153.7761
2019-04-12,4.0706,130.405,160.0357
2019-04-18,1.7554,132.6941,156.5073
2019-04-19,0.0712,132.7885,156.6187
2019-04-20,-0.3355,132.3431,156.0933
2019-04-21,2.3384,135.4377,159.7433
2019-04-22,2.722,139.1243,164.0915
2019-04-23,8.8829,151.4826,158.6556
2019-04-24,6.4089,161.191,168.8237
2019-04-25,3.7442,167.2263,175.1448
2019-04-26,-2.9797,162.2434,169.926
2019-04-27,2.0742,165.6087,173.4506
2019-04-28,0.0271,165.6536,173.4976
2019-04-29,-0.4099,164.9746,172.7865
2019-04-30,0.6828,166.1011,173.9663
2019-05-01,-4.6297,158.4112,165.9123
2019-05-02,-0.3278,157.892,165.3685
2019-05-03,-4.4381,150.8845,158.0292
2019-05-04,0.3324,151.3861,158.5545
2019-05-05,7.6231,162.9264,170.6413
2019-05-06,11.9705,182.4296,171.056
2019-05-07,-3.6852,175.7067,164.7522
2019-05-08,7.677,189.1956,177.4002
2019-05-09,-2.8977,183.7134,172.2598
2019-05-10,-1.1306,181.6363,170.3122
2019-05-11,6.2817,193.0461,181.0106
2019-05-12,-1.4908,190.1681,158.3001
2019-05-13,9.2252,207.7115,172.9036
2019-05-14,-14.4229,177.7535,147.9658
2019-05-15,12.3071,199.6297,166.1761
2019-05-16,2.7873,205.1941,170.808
2019-05-17,2.3018,209.9173,174.7397
2019-05-18,0.7241,211.4372,176.0049
2019-05-19,3.7105,219.2826,182.5356
2019-05-20,1.3506,222.2442,185.0009
2019-05-21,3.1349,229.2112,190.8004
2019-05-22,0.255,229.7958,191.287
2019-05-23,3.7573,238.4299,198.4742
2019-05-24,-1.5686,234.6899,195.361
2019-05-25,-0.1862,234.253,194.9972
2019-05-26,-0.0001,234.2528,194.9971
2019-05-27,0.6787,235.8427,176.3086
2019-05-28,0.0001,235.8429,176.3087
2019-05-29,0.0749,236.0196,176.4408
2019-05-30,-2.5933,229.899,171.8652
2019-05-31,1.2679,232.8139,174.0443
2019-06-01,-1.4586,229.4181,171.5058
2019-06-02,-4.714,218.6033,163.4209
2019-06-03,-0.073,218.4436,163.3016
2019-06-04,7.9677,235.8486,176.313
2019-06-05,0.0053,235.8611,176.3224
2019-06-06,0.0097,235.8841,176.3395
2019-06-07,-0.0351,235.8014,176.2777
2019-06-08,0.0252,235.8608,176.3221
2019-06-09,-0.0192,235.8155,176.2882
2019-06-10,3.4998,244.0686,182.458
2019-06-11,0.1596,244.4582,182.7493
2019-06-12,-0.8828,242.3001,181.1359
2019-06-13,-0.0659,242.1406,181.0166
2019-06-14,-0.7575,240.3064,179.6455
2019-06-15,0.0022,240.3116,179.6493
2019-06-16,4.7738,251.7836,168.2135
2019-06-17,2.4347,257.9138,172.309
2019-06-18,0.2173,258.4743,172.6835
2019-06-19,1.8506,263.2575,175.8791
2019-06-20,0.7589,265.2553,177.2138
2019-06-21,-6.0384,249.2382,166.513
2019-06-22,-2.1063,243.9885,163.0057
2019-06-23,0.5606,245.3563,163.9195
2019-06-24,1.171,248.2294,165.8389
2019-06-25,1.5953,252.1893,168.4845
2019-06-26,5.8434,266.9256,158.3177
2019-06-27,6.5865,284.5066,168.7452
2019-06-28,-4.9007,270.5639,160.4756
2019-06-29,5.9936,286.7803,170.0938
2019-06-30,0.0,286.7804,170.0938
2019-07-01,0.2269,287.431,170.4797
2019-07-02,-5.7598,270.8756,160.6605
2019-07-03,-0.5589,269.3617,159.7626
2019-07-04,-0.2608,268.6593,159.346
2019-07-05,6.8528,287.0701,170.2657
2019-07-06,0.0119,287.1043,170.286
2019-07-07,0.0412,287.2227,170.3562
2019-07-08,0.5995,288.9447,171.3775
2019-07-09,-1.1443,285.6382,169.4164
2019-07-10,0.7025,287.6448,170.6065
2019-07-11,-3.7437,276.8762,164.2195
2019-07-12,2.2078,282.9891,167.8451
2019-07-13,0.0307,283.0759,167.8966
2019-07-14,0.0039,283.0869,167.9032
2019-07-15,14.9056,325.2828,192.9302
2019-07-16,-5.8906,306.1216,181.5654
2019-07-17,20.4752,368.8008,218.7414
2019-07-18,1.307,373.6209,201.5883
2019-07-19,-2.16,365.5507,177.219
2019-07-20,0.0328,365.6707,177.2771
2019-07-21,0.0319,365.7873,177.3337
2019-07-22,4.1251,380.8763,184.6488
2019-07-23,-0.0,380.8762,184.6488
2019-07-24,0.0257,380.9741,184.6962
2019-07-25,1.1678,385.4233,186.8532
2019-07-26,4.8872,404.2598,195.9851
2019-07-27,-8.4877,369.9475,179.3506
2019-07-28,-0.0878,369.6227,179.1931
2019-07-29,-0.9271,366.1961,177.5319
2019-08-03,1.5805,371.9837,170.5411
2019-08-04,-0.0,371.9836,170.5411
2019-08-05,1.0076,375.7317,172.2595
2019-08-06,0.6547,378.1915,173.3872
2019-08-07,4.5004,395.2117,181.1904
2019-08-08,5.4838,416.8843,191.1265
2019-08-09,-3.3586,402.8828,184.7073
2019-08-10,1.0566,407.1399,186.659
2019-08-11,-0.0,407.1397,186.6589
2019-08-12,-0.0,407.1397,186.6589
2019-08-13,-0.0,407.1397,186.6589
2019-08-14,1.0045,411.2296,188.534
2019-08-15,2.0756,419.7651,192.4472
2019-08-16,1.2096,424.8425,194.775
2019-08-17,-0.5319,422.5826,193.7389
2019-08-18,0.5531,424.9198,194.8104
2019-08-19,-4.7274,404.8321,185.6009
2019-08-20,1.5673,411.1772,188.5099
2019-08-21,4.2614,428.6992,196.5431
2019-08-22,0.4643,430.6896,197.4557
2019-08-23,1.6886,437.9622,200.7899
2019-08-24,2.503,448.9244,205.8157
2019-08-25,0.0456,449.129,205.9095
2019-08-26,6.0326,476.223,218.3311
2019-08-27,0.043,476.4278,218.425
2019-08-28,-2.3866,465.0572,213.212
2019-08-29,1.7128,473.0226,216.8638
2019-08-30,-0.0622,472.7286,216.7291
2019-08-31,-0.0448,472.5167,216.6319
2019-09-01,-2.0356,462.8983,212.2222
2019-09-02,0.0,462.8984,212.2222
2019-09-03,0.0,462.8984,212.2222
2019-09-04,1.3491,469.1435,215.0854
2019-09-05,0.7654,472.7345,216.7317
2019-09-06,1.7912,481.202,200.6018
2019-09-07,4.6195,503.431,209.8685
2019-09-08,-0.8998,498.9013,207.9802
2019-09-09,-3.8275,479.8058,200.0198
2019-09-10,-0.1754,478.964,199.6688
2019-09-11,0.2665,480.2403,200.2009
2019-09-12,-0.4425,478.1152,199.315
2019-09-13,0.0,478.1152,199.315
2019-09-14,0.0,478.1153,199.315
2019-09-15,0.0,478.1153,199.315
2019-09-16,0.0,478.1154,199.3151
2019-09-17,0.0,478.1155,199.3151
2019-09-18,0.0,478.1155,199.3151
2019-09-19,-0.8429,474.0855,197.6351
2019-09-20,0.051,474.3272,197.7358
2019-09-21,-0.3797,472.526,196.985
2019-09-22,-0.0,472.526,196.985
2019-09-23,0.0247,472.6428,197.0336
2019-09-24,1.2059,478.3425,199.4097
2019-09-25,1.8723,487.2984,203.1432
2019-09-26,0.094,487.7563,203.3341
2019-09-27,11.7971,545.2972,227.3216
2019-09-28,0.0092,545.3475,227.3425
2019-09-29,-2.7113,530.5615,221.1786
2019-09-30,1.0815,536.2995,223.5706
2019-10-01,-2.0826,525.1308,218.9147
2019-10-02,-0.0,525.1307,218.9146
2019-10-03,0.0,525.1307,218.9146
2019-10-04,-0.0,525.1307,218.9146
2019-10-05,-0.0,525.1307,218.9146
2019-10-06,0.0,525.1307,218.9146
2019-10-07,3.6221,544.1515,226.8439
2019-10-08,0.9347,549.2376,228.9642
2019-10-09,0.0321,549.414,229.0378
2019-10-10,-4.4082,525.1947,218.9413
2019-10-11,0.3086,526.8155,219.617
2019-10-12,-0.0,526.8155,219.617
2019-10-13,-0.071,526.4416,219.4611
2019-10-14,1.279,533.1748,222.268
2019-10-15,1.3677,540.4669,225.3079
2019-10-16,-1.5887,531.8805,221.7284
2019-10-17,-0.0,531.8804,221.7284
2019-10-18,2.1253,543.1847,226.4409
2019-10-19,-0.0,543.1847,226.4409
2019-10-20,0.0,543.1848,226.4409
2019-10-21,0.3794,545.2458,227.3002
2019-10-22,-0.0755,544.8341,227.1285
2019-10-23,0.0325,545.0111,227.2023
2019-10-24,11.4349,607.3328,253.1827
2019-10-25,0.6311,611.1655,254.7805
2019-10-26,-17.7428,502.7275,209.5753
2019-10-27,1.1489,508.5032,211.983
2019-10-28,3.9357,528.5165,220.3261
2019-10-29,1.2349,535.043,223.0468
2019-10-30,-2.2282,523.1211,218.0769
2019-10-31,-1.5262,515.1373,214.7486
2019-11-01,-0.0,515.1372,214.7486
2019-11-02,-0.0,515.1372,214.7486
2019-11-03,-0.0018,515.1281,214.7448
2019-11-04,0.0,515.1281,214.7448
2019-11-05,0.0,515.1282,214.7448
2019-11-06,0.0,515.1282,214.7448
2019-11-07,0.0444,515.3568,214.8401
2019-11-08,1.9932,525.6287,219.1222
2019-11-09,4.265,548.0468,228.4678
2019-11-10,0.0,548.0469,228.4679
2019-11-11,0.1217,548.7138,228.7459
2019-11-12,0.2626,550.1546,229.3465
2019-11-13,0.4853,552.8244,230.4595
2019-11-14,-0.4733,550.2078,229.3687
2019-11-15,0.016,550.2958,229.4053
2019-11-16,1.1046,556.3744,231.9394
2019-11-17,0.0,556.3744,231.9394
2019-11-18,-0.5527,553.2996,230.6576
2019-11-19,0.9514,558.5638,232.8521
2019-11-20,1.9288,569.3372,237.3433
2019-11-21,0.6301,572.9245,238.8387
2019-11-22,13.5548,650.5831,271.2128
2019-11-23,-0.0727,650.11,271.0156
2019-11-24,0.7051,654.694,272.9265
2019-11-25,10.5934,724.0483,301.8387
2019-11-26,-0.2788,722.03,300.9973
2019-11-27,-0.2913,719.927,300.1206
2019-11-28,1.2043,728.5971,303.735
2019-11-29,4.2185,759.3332,316.5482
2019-11-30,-2.4298,740.883,308.8567
2019-12-01,4.4085,773.5447,322.4726
2019-12-02,0.5792,778.0247,324.3402
2019-12-03,1.4039,788.9477,328.8937
2019-12-04,0.4618,792.5909,330.4125
2019-12-05,0.3021,794.9855,331.4107
2019-12-06,-0.176,793.5862,330.8274
2019-12-07,-1.1942,784.1088,326.8765
2019-12-08,0.0,784.1089,326.8765
2019-12-09,-0.0622,783.6213,326.6733
2019-12-10,0.7845,789.7691,329.2252
2019-12-11,9.828,867.3877,360.5802
2019-12-12,0.3442,870.3731,361.8213
2019-12-13,0.0488,870.7976,361.9978
2019-12-14,0.0,870.7976,361.9978
2019-12-15,-0.0,870.7975,361.9977
2019-12-16,0.2541,873.0102,362.9176
2019-12-17,-1.0023,864.2599,359.28
2019-12-18,4.2606,901.0827,374.5875
2019-12-19,-0.9357,892.6514,371.0826
2019-12-20,1.5164,906.1878,376.7098
2019-12-21,0.2401,908.3636,377.6143
2019-12-22,0.0861,909.1461,377.9396
2019-12-23,-0.0,909.146,377.9395
2019-12-24,-0.5745,903.9231,375.7683
2019-12-25,1.4016,916.5926,381.0351
2019-12-26,-0.1597,915.1292,380.4268
2019-12-27,0.0,915.1293,380.4268
2019-12-28,0.2933,917.8136,381.5427
2019-12-29,-0.0,917.8136,381.5427
2019-12-30,-0.0761,917.1149,381.2523
2019-12-31,-1.0758,907.2484,377.1506
2019-01-01,0.9193,915.5889,123.4294
2019-01-02,0.411,919.3519,123.9367
2019-01-03,0.3171,922.2668,124.3296
2019-01-04,-0.0001,922.2662,124.3296
2019-01-05,0.2289,924.3776,124.6142
2019-01-06,-0.0,924.3773,124.6142
2019-01-07,0.5494,929.4562,125.2988
2019-01-08,0.7691,936.6045,126.2625
2019-01-09,-5.6905,883.3068,119.0775
2019-01-10,-1.9336,866.227,116.775
2019-01-11,4.497,905.1814,112.0144
2019-01-12,19.7133,1083.6224,134.0961
2019-01-13,-0.0472,1083.1105,134.0328
2019-01-14,4.5795,1132.7113,140.1707
2019-01-15,5.02,1189.573,137.1953
2019-01-16,3.8983,1235.9457,142.5435
2019-01-17,1.3302,1252.3863,144.4396
2019-01-18,-0.0792,1251.3948,144.3253
2019-01-19,-0.0379,1250.9209,144.2706
2019-01-20,0.0487,1251.53,144.3409
2019-01-21,4.7156,1310.5472,151.1474
2019-01-22,1.9384,1335.9511,154.0773
2019-01-23,0.0202,1336.2214,154.1085
2019-01-24,0.1317,1337.981,154.3114
2019-01-25,-0.0,1337.9805,154.3113
2019-01-26,-0.0001,1337.9792,154.3112
2019-01-27,1.1761,1353.7147,156.126
2019-01-28,2.9474,1393.6139,160.7276
2019-01-29,2.7918,1432.5203,165.2148
2019-01-30,1.5343,1454.4995,167.7496
2019-01-31,-0.1466,1452.3677,167.5038
2019-02-01,0.429,1458.5981,168.2224
2019-02-02,1.4891,1480.3175,170.7273
2019-02-03,-0.2018,1477.3309,170.3828
2019-02-04,0.0,1477.331,170.3828
2019-02-05,0.0,1477.3311,170.3829
2019-02-06,0.0,1477.3312,170.3829
2019-02-07,-0.0,1477.3311,170.3829
2019-02-08,0.5989,1486.1788,171.4033
2019-02-09,0.7673,1497.5823,152.7065
2019-02-10,-0.6128,1488.405,151.7707
2019-02-11,0.851,1501.0718,153.0623
2019-02-12,0.0303,1501.5263,153.1086
2019-02-13,1.2654,1520.5265,155.046
2019-02-14,0.0,1520.5265,155.046
2019-02-15,-0.0257,1520.1361,155.0062
2019-02-16,0.0541,1520.9589,155.0901
2019-02-17,-3.523,1467.3751,149.6263
2019-02-18,1.3505,1487.1917,151.6469
2019-02-19,-1.7242,1461.5489,149.0322
2019-02-20,0.9945,1476.084,150.5143
2019-02-21,0.9575,1490.2173,151.9555
2019-02-22,0.6158,1499.3943,152.8912
2019-02-23,0.4511,1506.1586,153.581
2019-02-24,0.0214,1506.4802,153.6138
2019-02-25,7.6159,1621.2126,165.3129
2019-02-26,0.4933,1629.2098,166.1283
2019-02-27,0.4216,1636.0786,166.8287
2019-02-28,0.0326,1636.6124,166.8832
2019-03-01,1.4501,1660.3452,169.3032
2019-03-02,0.9781,1676.5842,170.959
2019-03-03,-0.0001,1676.5829,170.9589
2019-03-04,0.0543,1677.4932,171.0517
2019-04-13,1.2925,1699.1755,162.2466
2019-04-14,1.1332,1718.4306,164.0851
2019-04-15,-2.1645,1681.2346,160.5335
2019-04-16,0.5939,1691.22,161.4869
2019-04-17,1.3767,1714.503,163.7101
2019-07-30,0.0,1714.5032,177.5319
2019-07-31,0.0407,1715.2016,177.6042
2019-08-01,-5.5106,1620.6834,167.8171
2019-08-02,-0.0487,1619.8933,167.7353
2020-02-15,-0.5209,1611.4559,402.2097
2020-02-16,2.7535,1655.8272,413.2845
2020-02-17,0.0641,1656.8882,413.5493
2020-02-18,-4.1672,1587.8429,396.316
2020-02-19,-0.0052,1587.7608,396.2955
2020-02-20,0.0047,1587.8348,396.314
2020-02-21,0.0661,1588.8839,396.5759
2020-02-22,0.0702,1589.9999,396.8544
2020-02-23,0.07,1591.1133,397.1323
2020-02-24,-1.5048,1567.1696,391.1561
2020-02-25,0.7068,1578.2456,393.9206
2020-02-26,0.0411,1578.894,394.0824
2020-02-27,-3.4321,1524.7052,380.5572
2020-02-28,1.3477,1545.2537,385.686
2020-02-29,8.2739,1673.1058,417.5971
2020-03-01,0.8825,1687.8703,421.2822
2020-03-02,0.4627,1695.68,423.2315
2020-03-03,0.0736,1696.9283,423.5431
2020-03-04,0.0062,1697.0334,423.5693
2020-03-05,-7.4149,1571.1996,392.1619
2020-03-06,0.0759,1572.3916,392.4595
2020-03-07,-0.3048,1567.5988,391.2632
2020-03-08,0.0258,1568.0031,391.3641
2020-03-09,6.0967,1663.5998,415.2245
2020-03-10,0.7066,1675.3554,418.1586
2020-03-11,2.7232,1720.9786,429.5459
2020-03-12,-5.2345,1630.8935,407.0612
2020-03-13,67.6896,2734.8383,632.5872
2020-03-17,3.4404,2828.9269,593.0182
2020-03-18,1.436,2869.5508,601.5341
2020-03-19,-4.3124,2745.8029,575.5932
2020-03-20,-13.6992,2369.6493,496.7414
2020-03-21,0.3976,2379.0703,498.7163
2020-03-22,5.1229,2500.9478,524.2651
2020-03-23,8.9042,2723.6366,570.9466
2020-03-24,0.9635,2749.8792,526.4357
2020-03-25,0.2577,2756.965,527.7922
2020-03-26,-0.1193,2753.6767,527.1627
2020-03-27,-1.9472,2700.0576,516.8979
2020-03-28,6.5731,2877.5346,550.874
2020-03-29,0.4805,2891.3597,553.5207
2020-03-30,11.0765,3211.6202,614.8312
2020-03-31,0.3387,3222.4991,616.9139
2020-04-01,1.0296,3255.6766,623.2654
2020-04-02,-0.1101,3252.0933,622.5794
2020-04-03,-17.673,2677.3499,512.5507
2020-04-04,-0.1766,2672.6208,511.6454
2020-04-05,-0.1253,2669.2707,511.0041
2020-04-06,-5.8309,2513.6289,481.2081
2020-04-07,0.03,2514.3828,481.3524
2020-04-08,0.3076,2522.1169,482.833
2020-04-09,-0.6931,2504.6366,479.4866
2020-04-10,3.4774,2591.7331,496.1603
2020-04-11,3.1362,2673.0146,511.7208
2020-04-12,-0.1447,2669.1464,510.9802
2020-04-13,4.3639,2785.625,533.2789
2020-04-14,1.0937,2816.0915,539.1114
2020-04-15,0.0334,2817.0321,539.2914
2020-04-16,-2.3764,2750.0874,526.4756
2020-04-17,1.2782,2785.2379,533.2048
2020-04-18,-0.0,2785.2378,533.2047
2020-04-19,-0.0,2785.2378,533.2047
2020-04-20,0.0004,2785.2482,533.2067
2020-04-21,2.0665,2842.8042,544.2252
2020-04-22,1.0313,2872.1226,549.8379
2020-04-23,-0.4886,2858.0895,547.1514
2020-04-24,0.0,2858.0895,547.1514
2020-04-25,0.0,2858.0896,547.1515
2020-04-26,-0.3674,2847.5899,545.1414
2020-04-27,0.5363,2862.8605,548.0648
2020-04-28,-0.1155,2859.5538,547.4318
2020-04-29,2.4164,2928.6533,560.6602
2020-04-30,0.9747,2957.1978,566.1247
2020-05-01,4.1712,3080.5482,589.7388
2020-05-02,0.0056,3080.7212,539.76
2020-05-03,1.8844,3138.7754,549.9314
2020-05-04,-0.5625,3121.1187,546.8378
2020-05-05,1.839,3178.5171,556.8944
2020-05-06,1.0749,3212.6816,562.8802
2020-05-07,-2.3554,3137.0099,549.6221
2020-05-08,-0.0031,3136.9132,549.6051
2020-05-09,-0.0082,3136.6563,549.5601
2020-05-10,8.9487,3417.3476,598.7388
2020-05-11,-0.0396,3415.9938,548.4866
2020-05-12,-4.6647,3256.6481,522.9014
2020-05-13,0.0,3256.6481,522.9014
2020-05-14,-5.0521,3092.1199,496.4841
2020-05-15,1.6167,3142.1103,504.5107
2020-05-16,0.0,3142.1104,504.5107
2020-05-17,0.0,3142.1105,504.5108
2020-05-18,0.0,3142.1107,504.5108
2020-05-19,-1.9141,3081.9666,494.8538
2020-05-20,-0.0,3081.9653,494.8536
2020-05-21,1.8508,3139.0048,504.0121
2020-05-22,6.3958,3339.7678,536.2475
2020-05-23,-0.018,3339.1658,536.1508
2020-05-24,-0.0892,3336.1878,535.6726
2020-05-25,3.2879,3445.879,553.2851
2020-05-26,0.8387,3474.78,557.9256
2020-05-27,-0.6795,3451.1701,554.1347
2020-05-28,-0.0205,3450.4634,554.0212
2020-05-29,-2.9024,3350.3181,537.9415
2020-05-30,0.0,3350.3181,537.9415
2020-05-31,0.0,3350.3181,537.9415
2020-06-01,0.0,3350.3181,537.9415
2020-06-02,-0.0457,3348.7857,537.6954
2020-06-03,-8.4385,3066.2,492.3222
2020-06-04,0.0,3066.2,492.3222
2020-06-05,-0.0697,3064.0628,491.9791
2020-06-06,1.5818,3112.5287,499.761
2020-06-07,-0.1132,3109.0039,499.195
2020-06-08,-1.2545,3070.0012,492.9326
2020-06-09,0.0313,3070.9626,493.0869
2020-06-10,0.0281,3071.8259,493.2256
2020-06-11,-2.3493,2999.6583,481.638
2020-06-12,-0.3321,2989.6967,480.0385
2020-06-13,0.0919,2992.4449,480.4798
2020-06-14,0.0224,2993.1167,480.5877
2020-06-15,7.8771,3228.8887,518.4442
2020-06-16,1.2536,3269.3651,524.9433
2020-06-17,-0.0,3269.3651,524.9433
2020-06-18,-0.0569,3267.5045,524.6446
2020-06-19,-0.1073,3263.9991,524.0817
2020-06-20,-0.0368,3262.7979,523.8888
2020-06-21,-0.0368,3261.5959,523.6959
2020-06-22,-0.121,3257.651,523.0624
2020-06-23,-0.0277,3256.7479,522.9174
2020-06-24,3.5348,3371.8678,541.4016
2020-06-25,2.5434,3457.6274,555.1715
2020-06-26,1.8426,3521.3374,565.4011
2020-06-27,1.5035,3574.2805,573.9018
2020-06-28,1.8015,3638.6701,584.2405
2020-06-29,0.0005,3638.6866,584.2432
2020-06-30,0.1249,3643.2313,584.9729
2020-07-01,-0.0573,3641.1432,584.6376
2020-07-02,-1.8494,3573.8034,573.8252
2020-07-03,1.9602,3643.8566,585.0733
2020-07-04,0.0128,3644.3245,585.1484
2020-07-05,0.0347,3645.5907,585.3517
2020-07-06,-1.676,3584.4893,575.541
2020-07-07,-0.0076,3584.2164,575.4972
2020-07-08,-0.012,3583.7853,575.428
2020-07-09,0.6224,3606.0922,579.0096
2020-07-10,-2.1681,3527.9086,566.4562
2020-07-11,-0.0519,3526.0791,566.1624
2020-07-12,-0.0185,3525.4285,566.0579
2020-07-13,-0.0123,3524.9933,565.9881
2020-07-14,0.0314,3526.1015,566.166
2020-07-15,0.0,3526.1016,566.166
2020-07-16,0.0,3526.1017,566.166
2020-07-17,0.0,3526.1018,566.166
2020-07-18,0.0,3526.1019,566.1661
2020-07-19,0.0,3526.1019,566.1661
2020-07-20,0.0,3526.102,566.1661
2020-07-21,-0.0083,3525.8092,566.1191
2020-07-22,0.136,3530.6058,566.8892
2020-07-23,-0.0,3530.6057,566.8892
2020-07-24,1.962,3599.8745,578.0113
2020-07-25,0.7342,3626.3056,582.2552
2020-07-26,-0.0,3626.3055,582.2552
2020-07-27,-0.0,3626.3052,582.2551
2020-07-28,0.6701,3650.6059,586.157
2020-07-29,1.4007,3701.7398,594.3672
2020-07-30,0.8557,3733.4144,599.453
2020-07-31,-0.0049,3733.2305,599.4235
2020-08-01,4.7071,3908.9565,627.6388
2020-08-02,6.2022,4151.3989,594.5544
2020-08-03,0.7798,4183.7731,599.191
2020-08-04,1.019,4226.4076,605.297
2020-08-05,1.2775,4280.4002,613.0297
2020-08-06,3.883,4446.608,636.8337
2020-08-07,1.4613,4511.5843,646.1394
2020-08-08,2.3027,4615.4715,661.0179
2020-08-09,-0.0733,4612.0884,660.5334
2020-08-10,-0.0463,4609.9547,660.2278
2020-08-11,-0.101,4605.2995,659.5611
2020-08-12,-1.6737,4528.2189,648.5218
2020-08-13,1.7586,4607.8531,659.9268
2020-08-14,-0.0002,4607.8446,659.9256
2020-08-15,0.0,4607.8449,659.9257
2020-08-16,0.0,4607.8453,659.9257
2020-08-17,0.0,4607.8457,659.9258
2020-08-18,-0.6349,4578.5924,655.7362
2020-08-19,2.3311,4685.3263,621.0104
2020-08-20,2.0418,4780.9933,633.6904
2020-08-21,1.3289,4844.5266,642.1114
2020-08-22,-0.0288,4843.1306,641.9263
2020-08-23,-0.7783,4805.4362,636.9302
2020-08-24,0.6266,4835.5474,590.9192
2020-08-25,1.1562,4891.4571,597.7516
2020-08-26,3.7669,5075.7132,620.2683
2020-08-27,-2.3394,4956.9739,605.7579
2020-08-28,-4.1667,4750.4331,580.518
2020-08-29,0.0,4750.4348,580.5182
2020-08-30,0.1325,4756.7285,581.2873
2020-08-31,0.0421,4758.7324,581.5322
2020-09-01,-0.112,4753.4003,580.8806
2020-09-02,9.5249,5206.1565,636.2088
2020-09-03,5.8604,5511.2559,673.493
2020-09-04,7.493,5924.2148,723.9578
2020-09-05,8.4318,6423.7304,785.0002
2020-09-06,3.4495,6645.32,812.0792
2020-09-07,0.1672,6656.432,813.4371
2020-09-08,0.4163,6684.1446,816.8237
2020-09-09,-4.9095,6355.9869,776.7218
2020-09-10,-2.8777,6173.083,754.3703
2020-09-11,0.0,6173.0831,754.3703
2020-09-12,0.0,6173.0832,754.3703
2020-09-13,-0.0744,6168.4934,753.8095
2020-09-14,-0.0687,6164.2578,753.2919
2020-09-15,-1.1887,6090.9836,744.3375
2020-09-16,-0.0003,6090.965,744.3353
2020-09-17,-8.3805,5580.5114,681.9562
2020-09-18,-2.974,5414.5448,661.6746
2020-09-19,0.0291,5416.1215,661.8672
2020-09-20,-0.0154,5415.2889,661.7655
2020-09-21,-0.0616,5411.9539,661.3579
2020-09-22,4.3058,5644.9823,689.8347
2020-09-23,-0.5281,5615.1702,686.1916
2020-09-24,3.4203,5807.2259,709.6614
2020-09-25,-4.561,5542.3587,677.2938
2020-09-26,0.7194,5582.2327,682.1665
2020-09-27,0.0264,5583.7057,682.3465
2020-09-28,0.0261,5585.1619,682.5245
2020-09-29,0.0366,5587.2061,682.7743
2020-09-30,0.0319,5588.988,682.9921
2020-10-01,0.009,5589.4921,683.0537
2020-10-02,1.5973,5678.7706,643.9518
2020-10-03,-0.0,5678.7703,643.9518
2020-10-04,-0.0,5678.7701,643.9517
2020-10-05,-0.0,5678.77,643.9517
2020-10-06,0.0157,5679.6598,644.0526
2020-10-07,0.4169,5703.3376,646.7376
2020-10-08,1.0797,5764.9157,653.7203
2020-10-09,-0.0034,5764.7214,653.6983
2020-10-10,-0.0035,5764.5222,653.6757
2020-10-11,-0.0103,5763.9313,653.6087
2020-10-12,-0.1828,5753.3962,652.4141
2020-10-13,-0.0554,5750.2076,652.0525
2020-10-14,1.3825,5829.7039,661.0671
2020-10-15,-1.1764,5761.1235,653.2903
2020-10-16,-0.5896,5727.154,649.4383
2020-10-17,-0.0016,5727.0635,649.428
2020-10-18,-0.0024,5726.926,649.4124
2020-10-19,-0.0317,5725.1086,649.2063
2020-10-21,-22.5084,4436.4765,503.3392
2020-10-22,3.8879,4608.9644,522.9087
2020-10-23,-2.814,4479.2698,508.1943
2020-10-24,-0.0455,4477.2299,507.9628
2020-10-25,-0.0449,4475.2188,507.7347
2020-10-26,-0.0453,4473.1916,507.5047
2020-10-27,-0.0734,4469.9101,507.1324
2020-10-28,6.1867,4746.4508,538.5072
2020-10-29,9.4571,5195.3297,589.4346
2020-10-30,-1.4528,5119.8535,580.8715
2020-10-31,3.7183,5310.227,602.4703
2020-11-01,0.0333,5311.9955,602.6709
2020-11-02,1.1721,5374.2594,609.7351
2020-11-03,5.2479,5656.2953,641.7334
2020-11-04,-2.0806,5538.6103,628.3814
2020-11-05,4.0692,5763.9897,653.9518
2020-11-06,-5.0613,5472.2595,620.8536
2020-11-07,2.4551,5606.6101,636.0963
2020-11-08,-2.5313,5464.6899,619.9948
2020-11-09,-9.2448,4959.4888,562.6774
2020-11-10,-1.8182,4869.3132,552.4465
2020-11-11,-0.2124,4858.969,551.2729
2020-11-16,0.0007,4859.0007,551.2765
2020-11-17,0.0329,4860.5992,551.4579
2020-11-18,-4.4961,4642.0622,526.6638
2020-11-19,0.0342,4643.6504,526.844
2020-11-20,-1.5386,4572.2039,518.7381
2020-01-01,0.1905,4580.9133,378.1388
2020-01-02,-0.0541,4578.4337,377.9341
2020-01-03,2.8846,4710.5032,388.836
2020-01-04,2.1738,4812.9021,397.2886
2020-01-05,2.1618,4916.9493,405.8774
2020-01-06,0.7721,4954.9117,409.0111
2020-01-07,-3.1526,4798.7029,396.1166
2020-01-08,0.8972,4841.7547,379.6583
2020-01-09,8.8787,5271.6395,413.3671
2020-01-10,0.7949,5313.543,416.6528
2020-01-11,3.3707,5492.6484,400.6851
2020-01-12,-0.1573,5484.0059,400.0546
2020-01-13,-0.0,5484.0057,400.0546
2020-01-14,0.0006,5484.0365,400.0569
2020-01-15,0.2999,5500.4851,401.2568
2020-01-16,0.203,5511.6512,402.0713
2020-01-17,0.9413,5563.5308,355.8439
2020-01-18,0.996,5618.942,359.388
2020-01-19,5.8609,5948.2647,380.4515
2020-01-20,1.092,6013.2206,384.6061
2020-01-21,4.3776,6276.4559,401.4427
2020-01-22,0.1426,6285.409,402.0153
2020-01-23,6.1242,6670.3418,426.6357
2020-01-24,-0.2317,6654.8843,425.647
2020-01-25,-0.8188,6600.395,422.1619
2020-01-26,0.0,6600.3951,422.1619
2020-01-27,0.0288,6602.294,422.2833
2020-01-28,-2.4917,6437.7854,411.7613
2020-01-29,4.6239,6735.4593,430.8006
2020-01-30,-0.0193,6734.1591,430.7174
2020-01-31,-0.1884,6721.4719,429.9059
2020-02-01,0.8023,6775.3986,433.3551
2020-02-02,0.3899,6801.8156,435.0447
2020-02-03,0.3046,6822.5324,436.3698
2020-02-04,0.8261,6878.8929,439.9746
2020-02-05,1.5005,6982.1131,446.5766
2020-02-06,-0.3263,6959.3289,445.1193
2020-02-07,0.0679,6964.0554,445.4216
2020-02-08,0.0612,6968.3165,445.6941
2020-02-09,-2.6271,6785.2545,433.9855
2020-02-10,1.9963,6920.7072,442.6491
2020-02-11,0.3806,6947.0446,444.3336
2020-02-12,2.0285,7087.9657,453.3469
2020-02-13,0.3652,7113.8538,455.0027
2020-02-14,-0.4192,7084.0326,453.0954
2020-03-14,-6.9096,6594.5533,601.28
2020-03-15,-1.5333,6493.4413,592.0608
2020-03-16,-3.5142,6265.2515,571.2549
2020-10-20,0.0453,6268.0919,649.4653
2020-11-21,-0.1558,6258.3238,517.726
2020-11-22,-1.5261,6162.8183,509.8252
2020-11-23,-0.5385,6129.6307,507.0797
2020-11-24,0.8499,6181.7266,511.3894
2020-11-25,3.4571,6395.4324,529.0684
2020-11-26,2.0558,6526.9112,539.9451
2020-11-27,12.6758,7354.2465,608.3872
2020-11-28,0.1135,7362.5906,609.0775
2020-11-29,2.9962,7583.185,627.3264
2020-11-30,1.5528,7700.9338,637.0673
2020-12-01,-9.6681,6956.4025,575.4752
2020-12-02,7.4008,7471.2325,618.065
2020-12-03,-0.0,7471.2321,618.065
2020-12-04,-0.0,7471.2318,618.065
2020-12-05,0.2129,7487.1358,619.3806
2020-12-06,-0.2002,7472.1493,618.1409
2020-12-07,-2.0986,7315.3403,605.1687
2020-12-08,-0.0003,7315.3157,605.1666
2020-12-09,-0.0344,7312.797,604.9583
2020-12-10,0.0431,7315.9454,605.2187
2020-12-11,-0.3221,7292.3775,603.2691
2020-12-12,-0.0751,7286.9038,602.8162
2020-12-13,9.4785,7977.5894,659.9539
2020-12-14,0.427,8011.6544,662.772
2020-12-15,-0.0,8011.6543,662.7719
2020-12-16,-0.0,8011.6542,662.7719
2020-12-17,-8.7482,7310.7804,604.7915
2020-12-18,2.6443,7504.1013,620.7841
2020-12-19,0.2722,7524.5249,622.4737
2020-12-20,0.1133,7533.0532,573.1672
2020-12-21,-2.9396,7311.6115,556.3184
2020-12-22,5.6628,7725.6509,587.8214
2020-12-23,0.8436,7790.8225,592.7801
2020-12-24,7.6319,8385.4116,638.0206
2020-12-25,-0.0036,8385.1093,637.9976
2020-12-26,0.1706,8399.4163,639.0861
2020-12-27,0.2322,8418.9206,640.5702
2020-12-28,-20.2942,6710.3668,510.5715
2020-12-29,-0.2699,6692.2555,509.1934
2020-12-30,3.7007,6939.9162,528.0372
2020-12-31,-1.7788,6816.4666,518.6443
2021-03-01,-0.1742,6804.5954,703.3686
2021-03-02,1.5604,6910.7745,714.344
2021-03-03,-0.1087,6903.2608,713.5674
2021-03-04,4.4685,7211.7341,745.4532
2021-03-05,0.0292,7213.8416,745.6711
2021-03-06,0.8139,7272.5549,751.7401
2021-03-07,0.0246,7274.3427,751.9249
2021-03-08,0.1419,7284.6636,702.9797
2021-03-09,0.0806,7290.5351,703.5463
2021-03-10,-1.3232,7194.0681,694.2371
2021-03-11,-1.2756,7102.3028,685.3817
2021-03-12,0.1937,7116.058,686.7091
2021-03-13,-10.725,6352.861,613.0595
2021-03-14,0.0399,6355.3944,613.304
2021-03-15,0.101,6361.8149,613.9236
2021-03-16,4.0396,6618.8075,638.7237
2021-03-17,0.0007,6618.8544,638.7282
2021-03-18,0.0052,6619.2012,638.7617
2021-03-19,0.2523,6635.9036,640.3735
2021-03-20,-0.755,6585.7999,635.5384
2021-03-21,-1.5682,6482.5233,625.5721
2021-03-22,0.0183,6483.7082,625.6865
2021-03-23,1.8779,6605.4644,637.4361
2021-03-24,0.0199,6606.7764,637.5627
2021-03-25,6.1682,7014.2964,676.8889
2021-03-26,3.0497,7228.2103,697.5319
2021-03-27,-0.0071,7227.6989,697.4825
2021-03-28,0.0245,7229.4692,697.6534
2021-03-29,0.1497,7240.2917,698.6978
2021-03-30,-0.6296,7194.7057,694.2987
2021-03-31,0.3643,7220.9179,696.8282
2021-04-01,0.2916,7241.9753,698.8602
2021-04-02,0.3508,7267.3793,701.3118
2021-04-03,0.4237,7298.1682,704.2829
2021-04-04,-1.9801,7153.6578,690.3375
2021-04-05,0.018,7154.943,590.4495
2021-04-06,0.1991,7169.1877,591.625
2021-04-07,0.5184,7206.3506,594.6918
2021-04-08,-0.1151,7198.0543,594.0072
2021-04-09,0.0346,7200.5418,594.2125
2021-04-10,-5.1235,6831.6212,563.7679
2021-04-11,0.0105,6832.3352,563.8268
2021-04-12,0.0055,6832.7097,563.8578
2021-04-13,0.0065,6833.157,563.8947
2021-04-14,0.0078,6833.6905,563.9387
2021-04-15,0.0046,6834.0051,563.9647
2021-04-16,0.0019,6834.1374,563.9756
2021-04-17,0.0374,6836.6905,564.1863
2021-04-18,16.1507,7940.8624,655.3062
2021-04-19,-0.0031,7940.6158,655.2858
2021-04-20,4.4285,8292.2686,684.3054
2021-04-21,0.7444,8354.0004,689.3997
2021-04-22,0.4557,8392.0734,692.5416
2021-04-23,1.5679,8523.6565,703.4003
2021-04-24,1.891,8684.8388,716.7016
2021-04-25,0.4648,8725.2023,720.0325
2021-04-26,5.616,9215.2061,760.4692
2021-04-27,-5.9309,8668.6608,715.3665
2021-04-28,0.0205,8670.4353,715.5129
2021-04-29,0.0205,8672.2125,715.6596
2021-04-30,-0.3776,8639.4639,712.9571
2021-05-01,0.2115,8657.7399,714.4653
2021-05-02,0.2421,8678.6965,716.1947
2021-05-03,0.1919,8695.3514,717.5691
2021-05-04,-0.4209,8658.7546,714.549
2021-05-05,4.3572,9036.0359,745.6835
2021-05-06,-14.6678,7710.6514,636.3084
2021-05-07,-0.8506,7645.0617,630.8957
2021-05-08,-2.378,7463.2621,615.893
2021-05-09,0.2113,7479.0295,617.1942
2021-05-10,0.1509,7490.3149,618.1255
2021-05-11,-14.581,6398.1538,527.9968
2021-05-12,-4.1414,6133.1829,506.1305
2021-05-13,-7.1449,5694.9759,469.9682
2021-05-14,8.9286,6203.457,511.9297
2021-05-15,-0.9927,6141.8725,506.8476
2021-05-16,0.2641,6158.0905,508.1859
2021-05-17,14.2129,7033.3332,580.4139
2021-05-18,7.8115,7582.7422,625.7529
2021-05-19,2.1141,7743.0472,638.9818
2021-05-20,-44.1076,4327.7757,357.1423
2021-05-21,5.0871,4547.9342,375.3105
2021-05-22,33.0751,6052.1667,499.4448
2021-05-23,-2.3277,5911.2911,487.8192
2021-05-24,21.8331,7201.9121,594.3256
2021-05-25,7.3248,7729.435,637.8585
2021-05-26,6.4989,8231.762,679.3122
2021-05-27,3.5792,8526.3907,703.6259
2021-05-28,7.1825,9138.7989,754.1638
2021-05-29,3.5942,9467.2648,781.2699
2021-05-30,1.6175,9620.3993,793.9071
2021-05-31,0.2191,9641.4735,795.6462
2021-06-01,8.2384,10435.7773,861.1948
2021-06-02,1.554,10597.9529,874.578
2021-06-03,5.1189,11140.4532,919.347
2021-06-04,2.4728,11415.9352,942.0806
2021-06-05,6.503,12158.3143,1003.34
2021-06-06,2.6709,12483.0544,1030.14
2021-06-07,0.143,12500.9106,1031.62
2021-06-08,16.6154,14577.9924,1203.02
2021-06-09,11.3829,16237.3868,1339.96
2021-06-10,-6.8392,15126.8859,1248.32
2021-06-11,0.4977,15202.1754,1254.53
2021-06-12,1.3532,15407.8892,1271.51
2021-06-13,0.3067,15455.1502,1275.41
2021-06-14,5.4128,16291.7092,1344.45
2021-06-15,1.5776,16548.7319,1365.66
2021-06-16,0.2402,16588.4788,1368.94
2021-06-17,0.7234,16708.4798,1378.84
2021-06-18,10.6568,18489.0753,1525.78
2021-06-19,0.3507,18553.9103,1531.13
2021-06-20,-3.6558,17875.6163,1175.13
2021-06-21,4.0668,18602.5783,1222.92
2021-06-22,3.1961,19197.1293,1262.01
2021-06-23,-4.5561,18322.4912,1204.51
2021-06-24,-2.4295,17877.3412,1175.25
2021-06-25,11.8487,19995.5769,1314.5
2021-06-26,-7.3615,18523.6124,1217.73
2021-06-27,0.0217,18527.6341,1218.0
2021-06-28,-3.5999,17860.6546,1174.15
2021-06-29,0.0663,17872.4979,1174.93
2021-06-30,-2.9837,17339.2328,1139.87
2021-07-01,-2.3416,16933.2161,1113.18
2021-07-02,-3.2941,16375.4156,1076.51
2021-07-03,0.0004,16375.4787,1076.52
2021-07-04,0.1188,16394.931,1077.79
2021-07-05,0.1782,16424.1393,1079.71
2021-07-06,-0.1722,16395.8612,1077.86
2021-07-07,0.0322,16401.1343,1078.2
2021-07-08,5.6138,17321.8686,1138.73
2021-07-09,3.1141,17861.2831,1174.19
2021-07-10,-0.0374,17854.5986,1173.75
2021-07-11,-0.0118,17852.4953,1173.61
2021-07-12,-0.0197,17848.9821,1173.38
2021-07-13,-1.605,17562.5076,1154.55
2021-07-14,0.4407,17639.9108,1159.64
2021-07-15,-0.0425,17632.4078,1159.15
2021-07-16,1.1476,17834.7567,1172.45
2021-07-17,0.0064,17835.895,1172.52
2021-07-18,0.586,17940.4201,1179.39
2021-07-19,-0.0075,17939.0819,1179.31
2021-07-20,-0.0013,17938.8479,1179.29
2021-07-21,-0.0085,17937.3153,1179.19
2021-07-22,1.0014,18116.9409,1191.0
2021-07-23,0.949,18288.8669,1202.3
2021-07-24,-0.0049,18287.9734,1202.24
2021-07-25,0.1298,18311.7067,1203.8
2021-07-26,3.5631,18964.1626,1246.69
2021-07-27,1.4254,19234.484,964.4152
2021-07-28,1.1476,19455.216,975.4827
2021-07-29,-0.1045,19434.882,974.4632
2021-07-30,1.7309,19771.2879,991.3305
2021-07-31,-0.3873,19694.7142,987.4911
2021-08-01,0.0656,19707.6375,988.1391
2021-08-02,0.0564,19718.7523,988.6964
2021-08-03,-1.2607,19470.1524,976.2316
2021-08-04,-0.0346,19463.4245,975.8943
2021-08-05,0.8343,19625.8123,984.0364
2021-08-06,4.9196,20591.3188,1032.45
2021-08-07,1.6564,20932.3855,1049.55
2021-08-08,2.1971,21392.2831,1072.61
2021-08-09,6.16,22710.0439,1138.68
2021-08-10,5.7791,24022.4877,1204.49
2021-08-11,5.9477,25451.2748,1276.13
2021-08-12,0.2328,25510.5272,1279.1
2021-08-13,3.0477,26288.0003,1318.08
2021-08-14,3.921,27318.7459,1369.76
2021-08-15,0.1782,27367.4268,1372.2
2021-08-16,0.0353,27377.1011,1372.69
2021-08-17,0.2143,27435.7785,1375.63
2021-08-18,4.6356,28707.5789,1439.4
2021-08-19,2.1452,29323.4232,1070.22
2021-08-20,2.4874,30052.8083,1096.85
2021-08-21,1.9244,30631.1387,1117.95
2021-08-22,0.2422,30705.3389,1120.66
2021-08-23,0.1558,30753.1684,1122.41
2021-08-24,0.972,31052.0997,1133.32
2021-08-25,0.8086,31303.1935,1142.48
2021-08-26,5.4128,32997.5809,1204.32
2021-08-27,-0.0372,32985.3071,1203.87
2021-08-28,0.2496,33067.6529,1206.88
2021-08-29,0.2806,33160.4462,1210.27
2021-08-30,0.5461,33341.5266,1216.87
2021-08-31,-0.297,33242.5073,1213.26
2021-09-01,-0.0208,33235.5771,1213.01
2021-09-02,-0.0461,33220.2543,1212.45
2021-09-03,1.411,33688.9846,929.5058
2021-09-04,0.5472,33873.3167,934.5917
2021-09-05,-0.1594,33819.3334,933.1023
2021-09-06,16.0528,39248.2931,1082.89
2021-09-07,5.2773,41319.5428,1140.04
2021-09-08,-4.4896,39464.4712,1088.86
2021-09-09,-0.1664,39398.7937,1087.04
2021-09-10,-1.0242,38995.2626,1075.91
2021-09-11,-1.4402,38433.6628,1060.42
2021-09-12,-0.1135,38390.054,1059.21
2021-09-13,-0.1002,38351.568,1058.15
2021-09-14,0.0041,38353.1286,1058.19
2021-09-15,2.7801,39419.3898,1087.61
2021-09-16,1.1207,39861.172,1099.8
2021-09-17,0.525,40070.4322,1105.57
2021-09-18,2.0653,40898.0233,1128.41
2021-09-19,0.0512,40918.9525,1128.99
2021-09-20,6.1353,43429.4701,1198.25
2021-09-21,9.6861,47636.1127,1314.32
2021-09-22,5.372,50195.1426,1384.92
2021-09-23,0.7327,50562.9224,1095.02
2021-09-24,4.31,52742.2044,1142.22
2021-09-25,2.0709,53834.4227,1165.87
2021-09-26,8.2609,58281.6126,1262.18
2021-09-27,3.3189,60215.9018,1304.07
2021-09-28,0.0106,60222.2675,1304.21
2021-09-29,0.0063,60226.063,1304.29
2021-09-30,0.049,60255.5644,1304.93
2021-10-01,0.1275,60332.3681,1306.59
2021-10-02,0.0528,60364.2402,1307.28
2021-10-03,0.0362,60386.0668,1307.76
2021-10-04,0.0402,60410.3305,1308.28
2021-10-05,0.0374,60432.8965,1308.77
2021-10-06,0.04,60457.0743,1309.29
2021-10-07,0.0802,60505.5369,1310.34
2021-10-08,0.0476,60534.3518,1310.97
2021-10-09,0.157,60629.3614,1313.03
2021-10-10,0.0833,60679.836,1314.12
2021-10-13,-8.0435,55799.0359,1211.02
2021-10-14,0.2162,55919.6946,1213.64
2021-10-15,0.3276,56102.915,1217.62
2021-10-16,0.2848,56262.6725,1221.08
2021-10-17,0.2632,56410.7604,1224.3
2021-10-18,0.2964,56577.9471,1227.93
2021-10-19,0.2761,56734.1788,1231.32
2021-10-20,0.2303,56864.8519,1234.15
2021-10-21,-5.4428,53769.8019,1166.98
2021-10-22,-6.5854,50228.8432,1090.13
2021-10-23,-3.6692,48385.8634,1050.13
2021-10-24,0.2844,48523.4941,1053.12
2021-10-25,0.281,48659.8493,1056.08
2021-10-26,0.2633,48787.9583,1058.86
2021-11-12,0.1109,48842.0796,1076.68
2021-10-27,0.2133,48946.2786,1061.15
2021-10-28,0.1072,48998.7415,1062.29
2021-10-29,0.1733,49083.6792,1064.13
2021-10-30,1.5663,49852.4802,1080.8
2021-10-31,0.7733,50237.996,1089.16
2021-11-01,0.1783,50327.589,1091.1
2021-11-02,0.2473,50452.0372,1093.8
2021-11-03,0.3046,50605.6898,1097.13
2021-11-04,0.2098,50711.8605,1099.43
2021-11-05,-2.0098,49692.6461,1077.34
2021-11-06,0.1816,49782.8988,1079.29
2021-11-07,0.1269,49846.0734,1080.66
2021-11-08,0.1903,49940.9084,1082.72
2021-11-09,0.2501,50065.8345,1085.43
2021-11-13,0.1588,50145.3151,1078.41
2021-11-14,0.1068,50198.8727,1079.56
2021-11-15,0.0543,50226.1311,1080.15
2021-11-16,-6.9541,46733.3315,1005.03
2021-11-17,-6.697,43603.5935,937.7234
2021-11-18,0.1327,43661.465,938.968
2021-11-19,-4.5094,41692.6043,896.6264
2021-11-20,-0.0198,41684.3358,896.4486
2021-11-21,-0.0184,41676.6828,896.284
2021-11-22,-0.0291,41664.5352,896.0227
2021-11-23,-0.0301,41652.0089,895.7534
2021-11-24,-0.0301,41639.4903,895.4841
2021-11-25,-0.0299,41627.0424,895.2164
2021-11-26,-0.2181,41536.2502,893.2639
2021-11-27,1.2742,42065.5198,904.6462
2021-11-28,0.753,42382.2606,911.4579
2021-11-29,-2.0563,41510.7734,892.716
2021-01-01,0.0593,41535.4052,519.174
2021-01-02,-5.8373,39110.8637,488.8683
2021-01-03,0.165,39175.4082,489.6751
2021-01-04,2.9293,40322.9796,504.0192
2021-01-05,8.0319,43561.7,544.5018
2021-01-06,-2.1737,42614.8006,532.666
2021-01-07,1.4091,43215.2884,540.1718
2021-01-08,-3.3797,41754.7424,521.9156
2021-01-09,0.2834,41873.0552,523.3945
2021-01-10,0.0464,41892.4639,523.6371
2021-01-11,11.2293,46596.7017,582.438
2021-01-12,4.2879,48594.734,607.4125
2021-01-13,3.4434,50268.0285,628.3279
2021-01-14,3.317,51935.4182,649.1695
2021-01-15,1.7009,52818.7935,660.2113
2021-01-16,0.1014,52872.3378,660.8806
2021-01-17,-0.5999,52555.1585,656.916
2021-01-18,0.1358,52626.5352,657.8082
2021-01-19,0.6643,52976.1178,662.1778
2021-01-20,0.7533,53375.2,667.1662
2021-01-21,1.9332,54407.0459,680.0638
2021-01-22,13.9891,62018.129,775.1989
2021-01-23,-6.1183,58223.6683,727.7699
2021-01-24,0.0118,58230.5609,727.856
2021-01-25,0.02,58242.1857,728.0013
2021-01-26,3.0933,60043.7956,750.5206
2021-01-27,1.9439,61210.9801,765.1099
2021-01-28,5.1283,64350.0842,804.3473
2021-01-29,5.9844,68201.0435,752.4706
2021-01-30,-2.4474,66531.8632,734.0543
2021-01-31,0.0197,66544.9592,734.1988
2021-02-01,2.9211,68488.7805,755.6452
2021-02-02,1.0855,69232.2171,763.8477
2021-02-03,0.1326,69323.989,764.8602
2021-02-04,-5.0133,65848.5854,726.5156
2021-02-05,-4.8858,62631.3505,691.0195
2021-02-06,0.2635,62796.403,692.8405
2021-02-07,-4.493,59974.9302,661.7109
2021-02-08,2.1773,61280.7629,676.1183
2021-02-09,-12.1554,53831.8113,593.9331
2021-02-10,-0.3765,53629.1137,591.6967
2021-02-11,1.109,54223.8654,598.2586
2021-02-12,0.0,54223.866,598.2586
2021-02-13,-1.3979,53465.8807,589.8957
2021-02-14,-3.5542,51565.5986,568.9297
2021-02-15,0.0004,51565.8,568.9319
2021-02-16,-4.5901,49198.8998,542.8176
2021-02-17,-0.2597,49071.1214,541.4078
2021-02-18,0.9372,49531.0324,546.482
2021-02-19,0.0026,49532.3339,546.4964
2021-02-20,2.5919,50816.1661,560.6611
2021-02-21,0.0311,50831.9547,560.8353
2021-02-22,2.5657,52136.1436,575.2245
2021-02-23,12.311,58554.6098,646.0403
2021-02-24,0.0078,58559.1724,646.0906
2021-02-25,1.8326,59632.3507,657.9311
2021-02-26,7.3473,64013.7162,706.2713
2021-02-27,0.0586,64051.2034,706.6849
2021-02-28,-0.3415,63832.4987,704.2719
2021-10-11,0.1517,63929.3433,1315.19
2021-10-12,0.1167,64003.9758,1316.72
2021-11-10,-0.9557,63392.2595,1072.84
2021-11-11,0.2487,63549.887,1075.51
2021-11-30,-0.0241,63534.5967,892.4572
2021-12-01,-0.0939,63474.9536,891.6194
2021-12-02,-0.0296,63456.1659,891.3555
2021-12-03,-0.0299,63437.1992,891.0891
2021-12-04,-9.2612,57562.1499,808.5635
2021-12-05,0.095,57616.8464,809.3318
2021-12-06,0.0661,57654.9433,809.867
2021-12-07,-10.3701,51676.0732,725.883
2021-12-08,0.0001,51676.1149,725.8836
2021-12-09,-0.0001,51676.0535,725.8827
2021-12-10,-0.0001,51675.991,725.8819
2021-12-11,-0.0001,51675.9341,725.8811
2021-12-12,-0.0,51675.9113,725.8807
2021-12-13,0.0,51675.9323,725.881
2021-12-14,0.0001,51675.9655,725.8815
2021-12-15,-0.0001,51675.9371,725.8811
2021-12-16,-0.0001,51675.8903,725.8804
2021-12-17,-0.0001,51675.827,725.8796
2021-12-18,-0.0,51675.824,725.8795
2021-12-19,-0.0001,51675.7949,725.8791
2021-12-20,-0.0001,51675.7544,725.8785
2021-12-21,-0.0091,51671.0461,725.8124
2021-12-22,-0.0092,51666.279,725.7454
2021-12-23,0.5224,51936.191,729.5368
2021-12-24,1.0306,52471.44,737.0554
2021-12-25,-0.0054,52468.6063,737.0156
2021-12-26,0.0048,52471.1332,737.0511
2021-12-27,-0.0108,52465.4666,736.9715
2021-12-28,0.0174,52474.5775,737.0994
2021-12-29,0.0074,52478.4355,737.1536
2021-12-30,0.016,52486.8142,737.2713
2021-12-31,-0.0002,52486.7007,737.2697
